"Metric","RLR.hand","RLR.nocorr","RLR.nocorr.2","RLR.top5.auto","RF.all","RF.all.no.n.ampC","RF.best","SVM.all","SVM.nocorr"
"Accuracy",0.879120879120879,0.967032967032967,0.857142857142857,0.78021978021978,0.857142857142857,0.868131868131868,0.846153846153846,0.879120879120879,0.901098901098901
"Kappa",0.756388415672913,0.933850254422098,0.712095400340715,0.554140127388535,0.713767239293491,0.735976789168278,0.690626517727052,0.756743620899149,0.801261829652997
"Sensitivity",0.772727272727273,0.931818181818182,0.75,0.568181818181818,0.840909090909091,0.863636363636364,0.772727272727273,0.795454545454545,0.840909090909091
"Specificity",0.978723404255319,1,0.957446808510638,0.978723404255319,0.872340425531915,0.872340425531915,0.914893617021277,0.957446808510638,0.957446808510638
"F1",0.860759493670886,0.964705882352941,0.835443037974683,0.714285714285714,0.850574712643678,0.863636363636364,0.829268292682927,0.864197530864197,0.891566265060241
"AUC",0.912,0.974,0.905,0.898,0.933,0.934,0.894,0.939,0.944
