contrast,probability,mean,lower,upper,size,pract_neg,pract_equiv,pract_pos
LLR vs GBT,0.2672,-0.002958633065960796,-0.010785510416022156,0.0049521899447100524,0,NA,NA,NA
LLR vs MLP BAG,0.0956,-0.006185545017869817,-0.013996708019883288,0.0016108759845283158,0,NA,NA,NA
MLP BAG vs GBT,0.7518,0.003226911951909021,-0.004567688648175705,0.011003388285582616,0,NA,NA,NA
